fraction,clean_neg,clean_pos,troj_neg,troj_pos,num_nonzero,num_total,fraction
0.1,0.9378,0.9968,0.9512,0.001,7706,107400,7.1750465549348235
0.05,0.9386,0.9906,0.9496,0.0016,3863,107400,3.59683426443203
0.01,0.927,0.9288,0.8988,0.9976,711,107400,0.6620111731843575
0.005,0.9266,0.9974,0.8954,0.9976,347,107400,0.3230912476722533
0.001,0.92,0.9974,0.894,0.9976,69,107400,0.06424581005586592
