fraction,clean_neg,clean_pos,troj_neg,troj_pos,num_nonzero,num_total,fraction
0.1,0.939,0.9966,0.9506,0.1096,3924,107400,3.653631284916201
0.05,0.934,0.9954,0.947,0.3222,1980,107400,1.8435754189944134
0.01,0.915,0.9938,0.9194,0.9716,395,107400,0.36778398510242083
0.005,0.9208,0.9106,0.9152,0.186,196,107400,0.1824953445065177
0.001,0.922,0.0336,0.9076,0.3844,39,107400,0.036312849162011177
