fraction,clean_neg,clean_pos,troj_neg,troj_pos,num_nonzero,num_total,fraction
0.1,0.926,0.9968,0.9424,0.1674,4000,107400,3.7243947858473
0.05,0.9248,0.9114,0.9412,0.1704,2000,107400,1.86219739292365
0.01,0.9132,0.9974,0.899,0.9974,400,107400,0.37243947858473
0.005,0.9118,0.9972,0.8946,0.9974,200,107400,0.186219739292365
0.001,0.9074,0.9974,0.89,0.9976,40,107400,0.037243947858473
