fraction,clean_neg,clean_pos,troj_neg,troj_pos,num_nonzero,num_total,fraction
0.1,0.9668,0.9154,0.979,0.0058,40,107400,0.037243947858473
0.05,0.982,0.6874,0.9846,0.0042,20,107400,0.0186219739292365
0.01,0.9348,0.5214,0.9374,0.1672,4,107400,0.0037243947858473
0.005,0.9336,0.5216,0.9366,0.6194,2,107400,0.00186219739292365
0.001,0.9346,0.525,0.9368,0.62,1,107400,0.000931098696461825
