fraction,clean_neg,clean_pos,troj_neg,troj_pos,num_nonzero,num_total,fraction
0.1,0.9874,0.8376,0.9954,0.2882,3534,107400,3.2905027932960893
0.05,0.9912,0.8294,0.9942,0.2558,1793,107400,1.6694599627560522
0.01,0.9086,0.9972,0.8924,0.9976,294,107400,0.2737430167597765
0.005,0.904,0.9974,0.8864,0.9976,135,107400,0.12569832402234637
0.001,0.904,0.9974,0.8864,0.9976,27,107400,0.025139664804469275
