fraction,clean_neg,clean_pos,troj_neg,troj_pos,num_nonzero,num_total,fraction
0.1,0.9328,0.9964,0.9518,0.0008,2700,107400,2.5139664804469275
0.05,0.9322,0.909,0.952,0.0008,1348,107400,1.25512104283054
0.01,0.9304,0.9966,0.952,0.001,270,107400,0.25139664804469275
0.005,0.9296,0.9972,0.9522,0.001,135,107400,0.12569832402234637
0.001,0.9078,0.9974,0.9286,0.7996,27,107400,0.025139664804469275
