fraction,clean_neg,clean_pos,troj_neg,troj_pos,num_nonzero,num_total,fraction
0.1,0.9338,0.8666,0.942,0.0046,38,107400,0.035381750465549346
0.05,0.933,0.7634,0.937,0.0036,18,107400,0.01675977653631285
0.01,0.9654,0.605,0.9774,0.012,4,107400,0.0037243947858473
0.005,0.904,0.9974,0.8864,0.9976,2,107400,0.00186219739292365
0.001,0.904,0.9974,0.8864,0.9976,1,107400,0.000931098696461825
