fraction,clean_neg,clean_pos,troj_neg,troj_pos,num_nonzero,num_total,fraction
0.1,0.9366,0.9964,0.9514,0.0124,6668,107400,6.208566108007449
0.05,0.9344,0.9952,0.9502,0.0098,3344,107400,3.1135940409683425
0.01,0.9282,0.1826,0.9306,0.0138,667,107400,0.6210428305400373
0.005,0.9292,0.2666,0.925,0.1678,332,107400,0.3091247672253259
0.001,0.9324,0.0214,0.9176,0.0268,66,107400,0.061452513966480445
