fraction,clean_neg,clean_pos,troj_neg,troj_pos,num_nonzero,num_total,fraction
0.1,0.9292,0.9972,0.9368,0.7922,4000,107400,3.7243947858473
0.05,0.9248,0.997,0.9332,0.8012,2000,107400,1.86219739292365
0.01,0.914,0.9972,0.9036,0.9974,400,107400,0.37243947858473
0.005,0.9142,0.9958,0.9012,0.9976,200,107400,0.186219739292365
0.001,0.9072,0.9974,0.8916,0.9976,40,107400,0.037243947858473
