fraction,clean_neg,clean_pos,troj_neg,troj_pos,num_nonzero,num_total,fraction
0.1,0.9334,0.9844,0.9518,0.0008,2638,107400,2.456238361266294
0.05,0.931,0.981,0.9518,0.0008,1349,107400,1.2560521415270018
0.01,0.9082,0.9974,0.8906,0.9974,267,107400,0.24860335195530725
0.005,0.9046,0.9974,0.8868,0.9976,134,107400,0.12476722532588454
0.001,0.9044,0.9974,0.8864,0.9976,27,107400,0.025139664804469275
