layer_combo,sparsity,k_mode,trigger,data_perc,ratio,clean_acc,trojan_acc,steps
"[0, 1, 2, 3, 4, 5, 6, 7, 8, 9, 10, 11, 12, 13, 14, 15, 16, 17, 18, 19]",10000000,contig_best,original,0.1,1.2,0.9900000095367432,0.058333333333333334,1
"[0, 1, 2, 3, 4, 5, 6, 7, 8, 9, 10, 11, 12, 13, 14, 15, 16, 17, 18, 19]",10000000,contig_best,original,0.1,1.2,1.0,0.0,-3
"[0, 1, 2, 3, 4, 5, 6, 7, 8, 9, 10, 11, 12, 13, 14, 15, 16, 17, 18, 19]",10000000,contig_best,original,0.1,1.2,0.9510714326586042,0.0325,-1
"[0, 1, 2, 3, 4, 5, 6, 7, 8, 9, 10, 11, 12, 13, 14, 15, 16, 17, 18, 19]",10000000,contig_best,original,0.1,1.2,0.9517857155629567,0.023214285714285715,-2
