layer_combo,sparsity,k_mode,trigger,data_perc,ratio,clean_acc,trojan_acc,steps
"[0, 1, 2, 3, 4, 5, 6, 7, 8, 9]",10000000,contig_best,original,1.0,1.1,0.9994029856439847,0.012388059701492538,1
"[0, 1, 2, 3, 4, 5, 6, 7, 8, 9]",10000000,contig_best,original,1.0,1.1,0.9803571520107133,0.00035714285714285714,-2
"[0, 1, 2, 3, 4, 5, 6, 7, 8, 9]",10000000,contig_best,original,1.0,1.1,0.9805357232689857,0.00035714285714285714,-1
