layer_combo,sparsity,k_mode,trigger,data_perc,ratio,clean_acc,trojan_acc,steps
"[0, 1, 2, 3, 4, 5, 6, 7, 8, 9, 10, 11, 12, 13, 14, 15, 16, 17, 18, 19]",10000000,contig_best,original,0.1,1.2,0.9150000115235647,0.0,1
"[0, 1, 2, 3, 4, 5, 6, 7, 8, 9, 10, 11, 12, 13, 14, 15, 16, 17, 18, 19]",10000000,contig_best,original,0.1,1.2,0.8108928576111794,0.0,-3
"[0, 1, 2, 3, 4, 5, 6, 7, 8, 9, 10, 11, 12, 13, 14, 15, 16, 17, 18, 19]",10000000,contig_best,original,0.1,1.2,0.8928571460502488,0.00017857142857142857,-1
"[0, 1, 2, 3, 4, 5, 6, 7, 8, 9, 10, 11, 12, 13, 14, 15, 16, 17, 18, 19]",10000000,contig_best,original,0.1,1.2,0.8398214291249003,0.0075,-2
