layer_combo,sparsity,k_mode,trigger,data_perc,ratio,clean_acc,trojan_acc,steps
"[0, 1, 2, 3, 4, 5, 6, 7, 8, 9, 10, 11, 12, 13, 14, 15, 16, 17, 18, 19]",10000000,contig_best,original,0.1,1.2,0.94500000278155,1.0,400
"[0, 1, 2, 3, 4, 5, 6, 7, 8, 9, 10, 11, 12, 13, 14, 15, 16, 17, 18, 19]",10000000,contig_best,original,0.1,1.2,0.9989285724503654,1.0,-3
"[0, 1, 2, 3, 4, 5, 6, 7, 8, 9, 10, 11, 12, 13, 14, 15, 16, 17, 18, 19]",10000000,contig_best,original,0.1,1.2,0.9994642862251827,1.0,-1
"[0, 1, 2, 3, 4, 5, 6, 7, 8, 9, 10, 11, 12, 13, 14, 15, 16, 17, 18, 19]",10000000,contig_best,original,0.1,1.2,0.9803571552038193,0.06910714285714285,-2
